{"cameraMode":{"drawMode":0,"name":"Shaded","section":"Shading Mode"},"sceneLighting":true,"audioPlay":false,"sceneViewState":{"showFog":true,"showMaterialUpdate":false,"showSkybox":true,"showFlares":true,"showImageEffects":true,"showParticleSystems":true},"in2DMode":false,"pivot":{"x":-92.51031494140625,"y":9.173934936523438,"z":-25.938383102416993},"rotation":{"x":0.024782100692391397,"y":0.8311182260513306,"z":0.03715755045413971,"w":-0.5542992949485779},"size":92.34575653076172,"orthographic":false}