{"cameraMode":{"drawMode":0,"name":"Shaded","section":"Shading Mode"},"sceneLighting":false,"audioPlay":false,"sceneViewState":{"showFog":true,"showMaterialUpdate":false,"showSkybox":false,"showFlares":true,"showImageEffects":true,"showParticleSystems":true},"in2DMode":false,"pivot":{"x":-10.373978614807129,"y":3.582456588745117,"z":-34.696014404296878},"rotation":{"x":0.006194464396685362,"y":-0.19855625927448274,"z":0.0012553093256428838,"w":0.980069100856781},"size":11.662784576416016,"orthographic":false}