{"cameraMode":{"drawMode":0,"name":"Shaded","section":"Shading Mode"},"sceneLighting":false,"audioPlay":false,"sceneViewState":{"showFog":true,"showMaterialUpdate":false,"showSkybox":true,"showFlares":true,"showImageEffects":true,"showParticleSystems":true},"in2DMode":false,"pivot":{"x":1.0840193033218384,"y":2.058727741241455,"z":-8.985860824584961},"rotation":{"x":-0.08087382465600968,"y":-0.9080216288566589,"z":0.20669034123420716,"w":-0.3552961051464081},"size":6.599584579467773,"orthographic":false}