{"cameraMode":{"drawMode":0,"name":"Shaded","section":"Shading Mode"},"sceneLighting":false,"audioPlay":false,"sceneViewState":{"showFog":true,"showMaterialUpdate":false,"showSkybox":false,"showFlares":true,"showImageEffects":true,"showParticleSystems":true},"in2DMode":false,"pivot":{"x":-0.9080832004547119,"y":0.19513776898384095,"z":0.44927453994750979},"rotation":{"x":-0.017893923446536065,"y":0.9483975768089294,"z":-0.05441300943493843,"w":-0.3118670880794525},"size":2.559300661087036,"orthographic":false}