{"cameraMode":{"drawMode":0,"name":"Shaded","section":"Shading Mode"},"sceneLighting":false,"audioPlay":false,"sceneViewState":{"showFog":true,"showMaterialUpdate":false,"showSkybox":false,"showFlares":true,"showImageEffects":true,"showParticleSystems":true},"in2DMode":false,"pivot":{"x":2.6030945777893068,"y":0.6668477654457092,"z":-0.7326418161392212},"rotation":{"x":-0.08293884247541428,"y":0.5805022120475769,"z":-0.059599317610263827,"w":-0.8078281879425049},"size":22.0,"orthographic":false}