{"cameraMode":{"drawMode":0,"name":"Shaded","section":"Shading Mode"},"sceneLighting":false,"audioPlay":false,"sceneViewState":{"showFog":true,"showMaterialUpdate":false,"showSkybox":false,"showFlares":true,"showImageEffects":true,"showParticleSystems":true},"in2DMode":false,"pivot":{"x":-6.8979997634887699,"y":1.5150022506713868,"z":-41.90999984741211},"rotation":{"x":-0.1468808650970459,"y":0.5644644498825073,"z":-0.10289692878723145,"w":-0.8057407140731812},"size":3.157883644104004,"orthographic":false}