{"cameraMode":{"drawMode":0,"name":"Shaded","section":"Shading Mode"},"sceneLighting":false,"audioPlay":false,"sceneViewState":{"showFog":true,"showMaterialUpdate":false,"showSkybox":false,"showFlares":true,"showImageEffects":true,"showParticleSystems":true},"in2DMode":false,"pivot":{"x":-0.7472629547119141,"y":-0.1978754997253418,"z":-0.8358659744262695},"rotation":{"x":-0.01800607331097126,"y":0.41706499457359316,"z":-0.00826358050107956,"w":-0.9086607694625855},"size":22.0,"orthographic":false}