{"cameraMode":{"drawMode":0,"name":"Shaded","section":"Shading Mode"},"sceneLighting":false,"audioPlay":false,"sceneViewState":{"showFog":true,"showMaterialUpdate":false,"showSkybox":false,"showFlares":true,"showImageEffects":true,"showParticleSystems":true},"in2DMode":false,"pivot":{"x":-2.9467506408691408,"y":1.3542929887771607,"z":-4.10282039642334},"rotation":{"x":-0.01991262286901474,"y":0.9203547835350037,"z":-0.04726708307862282,"w":-0.3877066969871521},"size":11.662784576416016,"orthographic":false}